{"cameraMode":{"drawMode":0,"name":"Shaded","section":"Shading Mode"},"sceneLighting":false,"audioPlay":false,"sceneViewState":{"m_AlwaysRefresh":false,"showFog":true,"showSkybox":false,"showFlares":true,"showImageEffects":true,"showParticleSystems":true,"showVisualEffectGraphs":true,"m_FxEnabled":true},"in2DMode":false,"pivot":{"x":0.0051142871379852299,"y":1.2604162693023682,"z":0.5722634792327881},"rotation":{"x":-0.13450561463832856,"y":0.777729332447052,"z":-0.17800424993038178,"w":-0.5876843929290772},"size":0.5857759118080139,"orthographic":false}