{"cameraMode":{"drawMode":0,"name":"Shaded","section":"Shading Mode"},"sceneLighting":false,"audioPlay":false,"sceneViewState":{"m_AlwaysRefresh":false,"showFog":true,"showSkybox":false,"showFlares":true,"showImageEffects":true,"showParticleSystems":true,"showVisualEffectGraphs":true,"m_FxEnabled":true},"in2DMode":false,"pivot":{"x":0.34094199538230898,"y":0.9940618276596069,"z":-6.499724388122559},"rotation":{"x":0.01876905933022499,"y":0.9721311926841736,"z":-0.2182139903306961,"w":0.08361508697271347},"size":1.7416545152664185,"orthographic":false}