{"cameraMode":{"drawMode":0,"name":"Shaded","section":"Shading Mode"},"sceneLighting":false,"audioPlay":false,"sceneViewState":{"m_AlwaysRefresh":false,"showFog":true,"showSkybox":false,"showFlares":true,"showImageEffects":true,"showParticleSystems":true,"showVisualEffectGraphs":true,"m_FxEnabled":true},"in2DMode":false,"pivot":{"x":1.245004653930664,"y":3.1278624534606935,"z":-0.24080753326416017},"rotation":{"x":0.20831766724586488,"y":0.46404707431793215,"z":-0.11326410621404648,"w":0.853485107421875},"size":3.189748764038086,"orthographic":false}