{"cameraMode":{"drawMode":0,"name":"Shaded","section":"Shading Mode"},"sceneLighting":true,"audioPlay":false,"sceneViewState":{"m_AlwaysRefresh":false,"showFog":true,"showSkybox":true,"showFlares":true,"showImageEffects":true,"showParticleSystems":true,"showVisualEffectGraphs":true,"m_FxEnabled":true},"in2DMode":false,"pivot":{"x":921.6033325195313,"y":555.9343872070313,"z":58.95399475097656},"rotation":{"x":0.0961180180311203,"y":0.03016565926373005,"z":-0.0029112643096596004,"w":0.9949141144752502},"size":254.85659790039063,"orthographic":false}