{"cameraMode":{"drawMode":0,"name":"Shaded","section":"Shading Mode"},"sceneLighting":true,"audioPlay":false,"sceneViewState":{"m_AlwaysRefresh":false,"showFog":true,"showSkybox":true,"showFlares":true,"showImageEffects":true,"showParticleSystems":true,"showVisualEffectGraphs":true,"m_FxEnabled":true},"in2DMode":false,"pivot":{"x":0.8519824147224426,"y":0.6039204597473145,"z":-7.915459632873535},"rotation":{"x":-0.004164759535342455,"y":0.9948643445968628,"z":-0.0900907889008522,"w":-0.045994777232408527},"size":3.1590688228607179,"orthographic":false}