{"cameraMode":{"drawMode":0,"name":"Shaded","section":"Shading Mode"},"sceneLighting":true,"audioPlay":false,"sceneViewState":{"m_AlwaysRefresh":false,"showFog":true,"showSkybox":true,"showFlares":true,"showImageEffects":true,"showParticleSystems":true,"showVisualEffectGraphs":true,"m_FxEnabled":true},"in2DMode":false,"pivot":{"x":-0.5404272675514221,"y":3.1111488342285158,"z":-4.126692295074463},"rotation":{"x":-0.046896230429410937,"y":0.9505765438079834,"z":-0.24962936341762544,"w":-0.17857860028743745},"size":3.4794607162475588,"orthographic":false}