{"cameraMode":{"drawMode":0,"name":"Shaded","section":"Shading Mode"},"sceneLighting":true,"audioPlay":false,"sceneViewState":{"m_AlwaysRefresh":false,"showFog":true,"showSkybox":true,"showFlares":true,"showImageEffects":true,"showParticleSystems":true,"showVisualEffectGraphs":true,"m_FxEnabled":true},"in2DMode":false,"pivot":{"x":-3.663177967071533,"y":-12.343467712402344,"z":-32.144596099853519},"rotation":{"x":0.017973698675632478,"y":-0.9702535271644592,"z":0.2291213572025299,"w":0.07612347602844238},"size":16.680444717407228,"orthographic":false}