{"cameraMode":{"drawMode":0,"name":"Shaded","section":"Shading Mode"},"sceneLighting":true,"audioPlay":false,"sceneViewState":{"m_AlwaysRefresh":false,"showFog":true,"showSkybox":true,"showFlares":true,"showImageEffects":true,"showParticleSystems":true,"showVisualEffectGraphs":true,"m_FxEnabled":true},"in2DMode":false,"pivot":{"x":18.51970100402832,"y":1.219376564025879,"z":-8.662596702575684},"rotation":{"x":-0.027594802901148797,"y":0.9711812734603882,"z":-0.14082522690296174,"w":-0.19030478596687318},"size":4.6217570304870609,"orthographic":false}