{"cameraMode":{"drawMode":0,"name":"Shaded","section":"Shading Mode"},"sceneLighting":true,"audioPlay":false,"sceneViewState":{"m_AlwaysRefresh":false,"showFog":true,"showSkybox":true,"showFlares":true,"showImageEffects":true,"showParticleSystems":true,"showVisualEffectGraphs":true,"m_FxEnabled":true},"in2DMode":false,"pivot":{"x":-2.191319465637207,"y":5.779614448547363,"z":-1.9095335006713868},"rotation":{"x":0.07248939573764801,"y":0.9099865555763245,"z":-0.18002423644065858,"w":0.36641886830329897},"size":0.8105384707450867,"orthographic":false}