{"cameraMode":{"drawMode":0,"name":"Shaded","section":"Shading Mode"},"sceneLighting":true,"audioPlay":false,"sceneViewState":{"m_AlwaysRefresh":false,"showFog":true,"showSkybox":true,"showFlares":true,"showImageEffects":true,"showParticleSystems":true,"showVisualEffectGraphs":true,"m_FxEnabled":true},"in2DMode":false,"pivot":{"x":-0.9352173209190369,"y":2.234936475753784,"z":-12.52645492553711},"rotation":{"x":0.027565134689211847,"y":0.9719390869140625,"z":-0.1486937701702118,"w":0.18017993867397309},"size":1.7038599252700806,"orthographic":false}