{"cameraMode":{"drawMode":0,"name":"Shaded","section":"Shading Mode"},"sceneLighting":true,"audioPlay":false,"sceneViewState":{"m_AlwaysRefresh":false,"showFog":true,"showSkybox":true,"showFlares":true,"showImageEffects":true,"showParticleSystems":true,"showVisualEffectGraphs":true,"m_FxEnabled":true},"in2DMode":false,"pivot":{"x":-2.3260180950164797,"y":0.021036982536315919,"z":-3.2586822509765627},"rotation":{"x":0.1827385276556015,"y":-0.46186134219169619,"z":0.09786761552095413,"w":0.8623881936073303},"size":2.25504207611084,"orthographic":false}