{"cameraMode":{"drawMode":0,"name":"Shaded","section":"Shading Mode"},"sceneLighting":true,"audioPlay":false,"sceneViewState":{"m_AlwaysRefresh":false,"showFog":true,"showSkybox":true,"showFlares":true,"showImageEffects":true,"showParticleSystems":true,"showVisualEffectGraphs":true,"m_FxEnabled":true},"in2DMode":false,"pivot":{"x":0.7142136096954346,"y":-15.48480224609375,"z":-29.8715877532959},"rotation":{"x":0.011629943735897541,"y":0.9419158101081848,"z":-0.33404862880706789,"w":0.03279248997569084},"size":19.133644104003908,"orthographic":false}