{"cameraMode":{"drawMode":0,"name":"Shaded","section":"Shading Mode"},"sceneLighting":true,"audioPlay":false,"sceneViewState":{"m_AlwaysRefresh":false,"showFog":true,"showSkybox":true,"showFlares":true,"showImageEffects":true,"showParticleSystems":true,"showVisualEffectGraphs":true,"m_FxEnabled":true},"in2DMode":false,"pivot":{"x":1021.5336303710938,"y":550.5242309570313,"z":79.6228256225586},"rotation":{"x":0.0961180180311203,"y":0.03016565926373005,"z":-0.0029112643096596004,"w":0.9949141144752502},"size":408.58575439453127,"orthographic":true}