{"cameraMode":{"drawMode":0,"name":"Shaded","section":"Shading Mode"},"sceneLighting":true,"audioPlay":false,"sceneViewState":{"m_AlwaysRefresh":false,"showFog":true,"showSkybox":true,"showFlares":true,"showImageEffects":true,"showParticleSystems":true,"showVisualEffectGraphs":true,"m_FxEnabled":true},"in2DMode":false,"pivot":{"x":-1.0934133529663087,"y":-1.1621274948120118,"z":-11.77960205078125},"rotation":{"x":0.07933604717254639,"y":-0.915030300617218,"z":0.32760941982269289,"w":0.22160522639751435},"size":2.6749813556671144,"orthographic":false}